subject,subject_label,relation,object,object_label
公稱值,OntologyProperty,rdfs__subPropertyOf,topDataProperty,
角度公差,OntologyClass,rdfs__subClassOf,尺寸類公差,OntologyClass
角度公差,OntologyClass,rdfs__domain,有個別參考公差,OntologyProperty
位置度公差,OntologyClass,rdfs__subClassOf,位置類公差,OntologyClass
位置度公差,OntologyClass,rdfs__domain,有交互參考公差,OntologyProperty
topObjectProperty,,rdfs__subPropertyOf,有特徵面,OntologyProperty
topObjectProperty,,rdfs__subPropertyOf,有零件,OntologyProperty
topObjectProperty,,rdfs__subPropertyOf,有參考公差,OntologyProperty
組合件,OntologyClass,rdfs__domain,有零件,OntologyProperty
公差,OntologyClass,rdfs__subClassOf,方向類公差,OntologyClass
公差,OntologyClass,rdfs__subClassOf,尺寸類公差,OntologyClass
公差,OntologyClass,rdfs__subClassOf,位置類公差,OntologyClass
公差,OntologyClass,rdfs__subClassOf,輪廓類公差,OntologyClass
公差,OntologyClass,rdfs__subClassOf,偏轉類公差,OntologyClass
公差,OntologyClass,rdfs__subClassOf,形狀類公差,OntologyClass
平行度公差,OntologyClass,rdfs__subClassOf,方向類公差,OntologyClass
平行度公差,OntologyClass,rdfs__domain,有交互參考公差,OntologyProperty
位置類公差,OntologyClass,rdfs__subClassOf,位置度公差,OntologyClass
位置類公差,OntologyClass,rdfs__subClassOf,公差,OntologyClass
位置類公差,OntologyClass,rdfs__subClassOf,同心度公差,OntologyClass
位置類公差,OntologyClass,rdfs__subClassOf,對稱度公差,OntologyClass
位置類公差,OntologyClass,rdfs__subClassOf,距離公差,OntologyClass
對稱度公差,OntologyClass,rdfs__domain,有交互參考公差,OntologyProperty
對稱度公差,OntologyClass,rdfs__subClassOf,位置類公差,OntologyClass
公差值,OntologyProperty,rdfs__subPropertyOf,topDataProperty,
形狀類公差,OntologyClass,rdfs__subClassOf,真直度公差,OntologyClass
形狀類公差,OntologyClass,rdfs__subClassOf,真平度公差,OntologyClass
形狀類公差,OntologyClass,rdfs__subClassOf,真圓度公差,OntologyClass
形狀類公差,OntologyClass,rdfs__subClassOf,圓柱度公差,OntologyClass
形狀類公差,OntologyClass,rdfs__subClassOf,公差,OntologyClass
有個別參考公差,OntologyProperty,rdfs__domain,直徑公差,OntologyClass
有個別參考公差,OntologyProperty,rdfs__domain,真圓度公差,OntologyClass
有個別參考公差,OntologyProperty,rdfs__subPropertyOf,有參考公差,OntologyProperty
有個別參考公差,OntologyProperty,rdfs__range,特徵面,OntologyClass
有個別參考公差,OntologyProperty,rdfs__domain,圓柱度公差,OntologyClass
有個別參考公差,OntologyProperty,rdfs__domain,真平度公差,OntologyClass
有個別參考公差,OntologyProperty,rdfs__domain,真直度公差,OntologyClass
有個別參考公差,OntologyProperty,rdfs__domain,半徑公差,OntologyClass
有個別參考公差,OntologyProperty,rdfs__domain,角度公差,OntologyClass
下偏差,OntologyProperty,rdfs__subPropertyOf,topDataProperty,
有特徵面,OntologyProperty,rdfs__subPropertyOf,topObjectProperty,
有特徵面,OntologyProperty,rdfs__range,特徵面,OntologyClass
有特徵面,OntologyProperty,rdfs__domain,零件,OntologyClass
偏轉類公差,OntologyClass,rdfs__subClassOf,圓偏轉度公差,OntologyClass
偏轉類公差,OntologyClass,rdfs__subClassOf,公差,OntologyClass
偏轉類公差,OntologyClass,rdfs__subClassOf,總偏轉度公差,OntologyClass
內圓柱面,OntologyClass,rdfs__subClassOf,圓柱面,OntologyClass
圓偏轉度公差,OntologyClass,owl__disjointWith,總偏轉度公差,OntologyClass
圓偏轉度公差,OntologyClass,rdfs__domain,有交互參考公差,OntologyProperty
圓偏轉度公差,OntologyClass,rdfs__subClassOf,偏轉類公差,OntologyClass
面輪廓度公差,OntologyClass,owl__disjointWith,線輪廓度公差,OntologyClass
面輪廓度公差,OntologyClass,rdfs__subClassOf,輪廓類公差,OntologyClass
直徑公差,OntologyClass,rdfs__domain,有個別參考公差,OntologyProperty
直徑公差,OntologyClass,rdfs__subClassOf,尺寸類公差,OntologyClass
同心度公差,OntologyClass,rdfs__domain,有交互參考公差,OntologyProperty
同心度公差,OntologyClass,rdfs__subClassOf,位置類公差,OntologyClass
圓柱度公差,OntologyClass,rdfs__subClassOf,形狀類公差,OntologyClass
圓柱度公差,OntologyClass,rdfs__domain,有個別參考公差,OntologyProperty
垂直度公差,OntologyClass,rdfs__domain,有交互參考公差,OntologyProperty
垂直度公差,OntologyClass,rdfs__subClassOf,方向類公差,OntologyClass
topDataProperty,,rdfs__subPropertyOf,公稱值,OntologyProperty
topDataProperty,,rdfs__subPropertyOf,公差值,OntologyProperty
topDataProperty,,rdfs__subPropertyOf,上偏差,OntologyProperty
topDataProperty,,rdfs__subPropertyOf,下偏差,OntologyProperty
尺寸類公差,OntologyClass,rdfs__subClassOf,半徑公差,OntologyClass
尺寸類公差,OntologyClass,rdfs__subClassOf,公差,OntologyClass
尺寸類公差,OntologyClass,rdfs__subClassOf,直徑公差,OntologyClass
尺寸類公差,OntologyClass,rdfs__subClassOf,角度公差,OntologyClass
有組裝接觸,OntologyProperty,rdfs__domain,特徵面,OntologyClass
有組裝接觸,OntologyProperty,rdfs__range,特徵面,OntologyClass
上偏差,OntologyProperty,rdfs__subPropertyOf,topDataProperty,
半徑公差,OntologyClass,rdfs__subClassOf,尺寸類公差,OntologyClass
半徑公差,OntologyClass,rdfs__domain,有個別參考公差,OntologyProperty
真平度公差,OntologyClass,rdfs__subClassOf,形狀類公差,OntologyClass
真平度公差,OntologyClass,rdfs__domain,有個別參考公差,OntologyProperty
傾斜度公差,OntologyClass,rdfs__subClassOf,方向類公差,OntologyClass
傾斜度公差,OntologyClass,rdfs__domain,有交互參考公差,OntologyProperty
特徵面,OntologyClass,rdfs__domain,有組裝接觸,OntologyProperty
特徵面,OntologyClass,rdfs__subClassOf,平面,OntologyClass
特徵面,OntologyClass,rdfs__range,有組裝接觸,OntologyProperty
特徵面,OntologyClass,rdfs__range,有個別參考公差,OntologyProperty
特徵面,OntologyClass,rdfs__range,有特徵面,OntologyProperty
特徵面,OntologyClass,rdfs__range,有交互參考公差,OntologyProperty
特徵面,OntologyClass,rdfs__subClassOf,圓柱面,OntologyClass
有零件,OntologyProperty,rdfs__range,零件,OntologyClass
有零件,OntologyProperty,rdfs__subPropertyOf,topObjectProperty,
有零件,OntologyProperty,rdfs__domain,組合件,OntologyClass
輪廓類公差,OntologyClass,rdfs__subClassOf,面輪廓度公差,OntologyClass
輪廓類公差,OntologyClass,rdfs__subClassOf,公差,OntologyClass
輪廓類公差,OntologyClass,rdfs__subClassOf,線輪廓度公差,OntologyClass
有參考公差,OntologyProperty,rdfs__subPropertyOf,有個別參考公差,OntologyProperty
有參考公差,OntologyProperty,rdfs__subPropertyOf,topObjectProperty,
有參考公差,OntologyProperty,rdfs__subPropertyOf,有交互參考公差,OntologyProperty
平面,OntologyClass,rdfs__subClassOf,特徵面,OntologyClass
總偏轉度公差,OntologyClass,owl__disjointWith,圓偏轉度公差,OntologyClass
總偏轉度公差,OntologyClass,rdfs__domain,有交互參考公差,OntologyProperty
總偏轉度公差,OntologyClass,rdfs__subClassOf,偏轉類公差,OntologyClass
圓柱面,OntologyClass,rdfs__subClassOf,外圓柱面,OntologyClass
圓柱面,OntologyClass,rdfs__subClassOf,內圓柱面,OntologyClass
圓柱面,OntologyClass,rdfs__subClassOf,特徵面,OntologyClass
有交互參考公差,OntologyProperty,rdfs__domain,垂直度公差,OntologyClass
有交互參考公差,OntologyProperty,rdfs__domain,總偏轉度公差,OntologyClass
有交互參考公差,OntologyProperty,rdfs__domain,距離公差,OntologyClass
有交互參考公差,OntologyProperty,rdfs__domain,圓偏轉度公差,OntologyClass
有交互參考公差,OntologyProperty,rdfs__domain,對稱度公差,OntologyClass
有交互參考公差,OntologyProperty,rdfs__domain,平行度公差,OntologyClass
有交互參考公差,OntologyProperty,rdfs__domain,位置度公差,OntologyClass
有交互參考公差,OntologyProperty,rdfs__domain,同心度公差,OntologyClass
有交互參考公差,OntologyProperty,rdfs__range,特徵面,OntologyClass
有交互參考公差,OntologyProperty,rdfs__domain,傾斜度公差,OntologyClass
有交互參考公差,OntologyProperty,rdfs__subPropertyOf,有參考公差,OntologyProperty
零件,OntologyClass,rdfs__range,有零件,OntologyProperty
零件,OntologyClass,rdfs__domain,有特徵面,OntologyProperty
真直度公差,OntologyClass,rdfs__subClassOf,形狀類公差,OntologyClass
真直度公差,OntologyClass,rdfs__domain,有個別參考公差,OntologyProperty
真圓度公差,OntologyClass,rdfs__subClassOf,形狀類公差,OntologyClass
真圓度公差,OntologyClass,rdfs__domain,有個別參考公差,OntologyProperty
外圓柱面,OntologyClass,rdfs__subClassOf,圓柱面,OntologyClass
距離公差,OntologyClass,rdfs__domain,有交互參考公差,OntologyProperty
距離公差,OntologyClass,rdfs__subClassOf,位置類公差,OntologyClass
線輪廓度公差,OntologyClass,owl__disjointWith,面輪廓度公差,OntologyClass
線輪廓度公差,OntologyClass,rdfs__subClassOf,輪廓類公差,OntologyClass
方向類公差,OntologyClass,rdfs__subClassOf,傾斜度公差,OntologyClass
方向類公差,OntologyClass,rdfs__subClassOf,公差,OntologyClass
方向類公差,OntologyClass,rdfs__subClassOf,垂直度公差,OntologyClass
方向類公差,OntologyClass,rdfs__subClassOf,平行度公差,OntologyClass
RAS400,Assembly,有零件,工作臺,Part
工作臺-H-2,FeatureFace,有特徵面,工作臺,Part
工作臺-H-1,FeatureFace,有特徵面,工作臺,Part
工作臺-P-1,FeatureFace,有特徵面,工作臺,Part
工作臺-H-2,FeatureFace,有交互參考公差,工作臺-Co-1,Tolerance
工作臺-H-1,FeatureFace,有交互參考公差,工作臺-Co-1,Tolerance
工作臺-H-1,FeatureFace,有個別參考公差,工作臺-Cyl-1,Tolerance
工作臺-H-1,FeatureFace,有個別參考公差,工作臺-Dia-1,Tolerance
工作臺-H-2,FeatureFace,有個別參考公差,工作臺-Dia-2,Tolerance
工作臺-P-1,FeatureFace,有個別參考公差,工作臺-Fla-1,Tolerance
工作臺-H-1,FeatureFace,有交互參考公差,工作臺-Per-1,Tolerance
工作臺-P-1,FeatureFace,有交互參考公差,工作臺-Per-1,Tolerance
工作臺-H-2,FeatureFace,有交互參考公差,工作臺-Per-2,Tolerance
工作臺-P-1,FeatureFace,有交互參考公差,工作臺-Per-2,Tolerance
RAS400,Assembly,有零件,軸承座,Part
軸承座-H-3,FeatureFace,有特徵面,軸承座,Part
軸承座-H-2,FeatureFace,有特徵面,軸承座,Part
軸承座-H-1,FeatureFace,有特徵面,軸承座,Part
軸承座-H-4,FeatureFace,有特徵面,軸承座,Part
軸承座-S-1,FeatureFace,有特徵面,軸承座,Part
軸承座-S-2,FeatureFace,有特徵面,軸承座,Part
軸承座-P-2,FeatureFace,有特徵面,軸承座,Part
軸承座-P-3,FeatureFace,有特徵面,軸承座,Part
軸承座-P-6,FeatureFace,有特徵面,軸承座,Part
軸承座-P-4,FeatureFace,有特徵面,軸承座,Part
軸承座-P-5,FeatureFace,有特徵面,軸承座,Part
軸承座-P-1,FeatureFace,有特徵面,軸承座,Part
軸承座-H-2,FeatureFace,有個別參考公差,軸承座-Dia-2,Tolerance
軸承座-H-4,FeatureFace,有個別參考公差,軸承座-Dia-4,Tolerance
軸承座-S-1,FeatureFace,有個別參考公差,軸承座-Dia-5,Tolerance
軸承座-P-4,FeatureFace,有交互參考公差,軸承座-Dis-3,Tolerance
軸承座-P-5,FeatureFace,有交互參考公差,軸承座-Dis-3,Tolerance
軸承座-P-5,FeatureFace,有交互參考公差,軸承座-Par-1,Tolerance
軸承座-P-6,FeatureFace,有交互參考公差,軸承座-Par-1,Tolerance
軸承座-H-2,FeatureFace,有個別參考公差,軸承座-Cir-1,Tolerance
RAS400,Assembly,有零件,軸承,Part
軸承-S-2,FeatureFace,有特徵面,軸承,Part
軸承-H-1,FeatureFace,有特徵面,軸承,Part
軸承-H-2,FeatureFace,有特徵面,軸承,Part
軸承-S-1,FeatureFace,有特徵面,軸承,Part
軸承-P-1,FeatureFace,有特徵面,軸承,Part
軸承-P-2,FeatureFace,有特徵面,軸承,Part
軸承-S-2,FeatureFace,有個別參考公差,軸承-Dia-1,Tolerance
軸承-H-1,FeatureFace,有個別參考公差,軸承-Dia-2,Tolerance
軸承-H-2,FeatureFace,有個別參考公差,軸承-Dia-3,Tolerance
軸承-S-1,FeatureFace,有個別參考公差,軸承-Dia-4,Tolerance
軸承-P-1,FeatureFace,有交互參考公差,軸承-Dis-1,Tolerance
軸承-P-2,FeatureFace,有交互參考公差,軸承-Dis-1,Tolerance
軸承-P-1,FeatureFace,有個別參考公差,軸承-Fla-1,Tolerance
軸承-P-2,FeatureFace,有交互參考公差,軸承-Par-1,Tolerance
軸承-P-1,FeatureFace,有交互參考公差,軸承-Par-1,Tolerance
RAS400,Assembly,有零件,轉動軸,Part
轉動軸-H-1,FeatureFace,有特徵面,轉動軸,Part
轉動軸-S-2,FeatureFace,有特徵面,轉動軸,Part
轉動軸-S-1,FeatureFace,有特徵面,轉動軸,Part
轉動軸-S-3,FeatureFace,有特徵面,轉動軸,Part
轉動軸-P-1,FeatureFace,有特徵面,轉動軸,Part
轉動軸-P-2,FeatureFace,有特徵面,轉動軸,Part
轉動軸-P-4,FeatureFace,有特徵面,轉動軸,Part
轉動軸-P-3,FeatureFace,有特徵面,轉動軸,Part
轉動軸-H-1,FeatureFace,有個別參考公差,轉動軸-Dia-1,Tolerance
轉動軸-S-2,FeatureFace,有個別參考公差,轉動軸-Dia-2,Tolerance
轉動軸-P-3,FeatureFace,有個別參考公差,轉動軸-Fla-1,Tolerance
RAS400,Assembly,有零件,工作臺心軸,Part
工作臺心軸-S-3,FeatureFace,有特徵面,工作臺心軸,Part
工作臺心軸-S-2,FeatureFace,有特徵面,工作臺心軸,Part
工作臺心軸-P-2,FeatureFace,有特徵面,工作臺心軸,Part
工作臺心軸-P-4,FeatureFace,有特徵面,工作臺心軸,Part
工作臺心軸-P-3,FeatureFace,有特徵面,工作臺心軸,Part
工作臺心軸-P-1,FeatureFace,有特徵面,工作臺心軸,Part
工作臺心軸-S-4,FeatureFace,有特徵面,工作臺心軸,Part
工作臺心軸-S-1,FeatureFace,有特徵面,工作臺心軸,Part
工作臺心軸-S-3,FeatureFace,有交互參考公差,工作臺心軸-Co-1,Tolerance
工作臺心軸-S-2,FeatureFace,有交互參考公差,工作臺心軸-Co-1,Tolerance
工作臺心軸-S-3,FeatureFace,有個別參考公差,工作臺心軸-Cyl-1,Tolerance
工作臺心軸-P-2,FeatureFace,有交互參考公差,工作臺心軸-Dis-2,Tolerance
工作臺心軸-P-3,FeatureFace,有交互參考公差,工作臺心軸-Dis-2,Tolerance
工作臺心軸-P-1,FeatureFace,有交互參考公差,工作臺心軸-Dis-3,Tolerance
工作臺心軸-P-3,FeatureFace,有交互參考公差,工作臺心軸-Dis-3,Tolerance
工作臺心軸-S-4,FeatureFace,有個別參考公差,工作臺心軸-Dia-1,Tolerance
工作臺心軸-S-3,FeatureFace,有個別參考公差,工作臺心軸-Dia-2,Tolerance
工作臺心軸-S-2,FeatureFace,有個別參考公差,工作臺心軸-Dia-3,Tolerance
工作臺心軸-S-1,FeatureFace,有個別參考公差,工作臺心軸-Dia-4,Tolerance
工作臺心軸-P-1,FeatureFace,有個別參考公差,工作臺心軸-Fla-1,Tolerance
工作臺心軸-P-2,FeatureFace,有個別參考公差,工作臺心軸-Fla-2,Tolerance
工作臺心軸-P-2,FeatureFace,有交互參考公差,工作臺心軸-Par-1,Tolerance
工作臺心軸-P-1,FeatureFace,有交互參考公差,工作臺心軸-Par-1,Tolerance
工作臺心軸-P-3,FeatureFace,有交互參考公差,工作臺心軸-Par-2,Tolerance
工作臺心軸-P-1,FeatureFace,有交互參考公差,工作臺心軸-Par-2,Tolerance
工作臺心軸-S-2,FeatureFace,有交互參考公差,工作臺心軸-Per-1,Tolerance
工作臺心軸-P-1,FeatureFace,有交互參考公差,工作臺心軸-Per-1,Tolerance
RAS400,Assembly,有零件,馬達,Part
馬達-H-2,FeatureFace,有特徵面,馬達,Part
馬達-S-1,FeatureFace,有特徵面,馬達,Part
馬達-H-1,FeatureFace,有特徵面,馬達,Part
馬達-P-1,FeatureFace,有特徵面,馬達,Part
馬達-P-2,FeatureFace,有特徵面,馬達,Part
馬達-P-3,FeatureFace,有特徵面,馬達,Part
馬達-P-4,FeatureFace,有特徵面,馬達,Part
RAS400,Assembly,有零件,馬達水套,Part
馬達水套-S-1,FeatureFace,有特徵面,馬達水套,Part
馬達水套-H-1,FeatureFace,有特徵面,馬達水套,Part
馬達水套-S-2,FeatureFace,有特徵面,馬達水套,Part
馬達水套-P-2,FeatureFace,有特徵面,馬達水套,Part
馬達水套-P-3,FeatureFace,有特徵面,馬達水套,Part
馬達水套-P-1,FeatureFace,有特徵面,馬達水套,Part
馬達水套-S-1,FeatureFace,有個別參考公差,馬達水套-Dia-1,Tolerance
馬達水套-H-1,FeatureFace,有個別參考公差,馬達水套-Dia-2,Tolerance
馬達水套-S-2,FeatureFace,有個別參考公差,馬達水套-Dia-3,Tolerance
馬達水套-P-2,FeatureFace,有交互參考公差,馬達水套-Dis-1,Tolerance
馬達水套-P-3,FeatureFace,有交互參考公差,馬達水套-Dis-1,Tolerance
馬達水套-P-3,FeatureFace,有交互參考公差,馬達水套-Par-1,Tolerance
馬達水套-P-2,FeatureFace,有交互參考公差,馬達水套-Par-1,Tolerance
RAS400,Assembly,有零件,編碼器心軸,Part
編碼器心軸-S-4,FeatureFace,有特徵面,編碼器心軸,Part
編碼器心軸-S-2,FeatureFace,有特徵面,編碼器心軸,Part
編碼器心軸-S-3,FeatureFace,有特徵面,編碼器心軸,Part
編碼器心軸-S-1,FeatureFace,有特徵面,編碼器心軸,Part
編碼器心軸-P-1,FeatureFace,有特徵面,編碼器心軸,Part
編碼器心軸-P-3,FeatureFace,有特徵面,編碼器心軸,Part
編碼器心軸-P-4,FeatureFace,有特徵面,編碼器心軸,Part
編碼器心軸-P-2,FeatureFace,有特徵面,編碼器心軸,Part
編碼器心軸-P-5,FeatureFace,有特徵面,編碼器心軸,Part
編碼器心軸-S-2,FeatureFace,有個別參考公差,編碼器心軸-Dia-2,Tolerance
編碼器心軸-S-1,FeatureFace,有個別參考公差,編碼器心軸-Dia-4,Tolerance
編碼器心軸-P-3,FeatureFace,有交互參考公差,編碼器心軸-Dis-2,Tolerance
編碼器心軸-P-4,FeatureFace,有交互參考公差,編碼器心軸-Dis-2,Tolerance
編碼器心軸-P-2,FeatureFace,有交互參考公差,編碼器心軸-Dis-4,Tolerance
編碼器心軸-P-4,FeatureFace,有交互參考公差,編碼器心軸-Dis-4,Tolerance
編碼器心軸-P-4,FeatureFace,有交互參考公差,編碼器心軸-Par-1,Tolerance
編碼器心軸-P-2,FeatureFace,有交互參考公差,編碼器心軸-Par-1,Tolerance
RAS400,Assembly,有零件,分流座,Part
分流座-P-1,FeatureFace,有特徵面,分流座,Part
分流座-P-4,FeatureFace,有特徵面,分流座,Part
分流座-P-2,FeatureFace,有特徵面,分流座,Part
分流座-H-2,FeatureFace,有特徵面,分流座,Part
分流座-H-1,FeatureFace,有特徵面,分流座,Part
分流座-P-5,FeatureFace,有特徵面,分流座,Part
分流座-S-2,FeatureFace,有特徵面,分流座,Part
分流座-S-3,FeatureFace,有特徵面,分流座,Part
分流座-S-1,FeatureFace,有特徵面,分流座,Part
分流座-P-3,FeatureFace,有特徵面,分流座,Part
分流座-H-1,FeatureFace,有個別參考公差,分流座-Dia-3,Tolerance
分流座-S-2,FeatureFace,有個別參考公差,分流座-Dia-4,Tolerance
分流座-S-3,FeatureFace,有個別參考公差,分流座-Dia-4,Tolerance
分流座-P-1,FeatureFace,有交互參考公差,分流座-Par-1,Tolerance
分流座-P-3,FeatureFace,有交互參考公差,分流座-Par-1,Tolerance
RAS400,Assembly,有零件,馬達座,Part
馬達座-S-3,FeatureFace,有特徵面,馬達座,Part
馬達座-S-2,FeatureFace,有特徵面,馬達座,Part
馬達座-S-1,FeatureFace,有特徵面,馬達座,Part
馬達座-H-1,FeatureFace,有特徵面,馬達座,Part
馬達座-H-2,FeatureFace,有特徵面,馬達座,Part
馬達座-P-2,FeatureFace,有特徵面,馬達座,Part
馬達座-P-3,FeatureFace,有特徵面,馬達座,Part
馬達座-P-4,FeatureFace,有特徵面,馬達座,Part
馬達座-P-5,FeatureFace,有特徵面,馬達座,Part
馬達座-P-1,FeatureFace,有特徵面,馬達座,Part
馬達座-S-1,FeatureFace,有個別參考公差,馬達座-Dia-3,Tolerance
馬達座-H-2,FeatureFace,有個別參考公差,馬達座-Dia-6,Tolerance
馬達座-P-3,FeatureFace,有交互參考公差,馬達座-Dis-1,Tolerance
馬達座-P-4,FeatureFace,有交互參考公差,馬達座-Dis-1,Tolerance
馬達座-P-3,FeatureFace,有交互參考公差,馬達座-Par-1,Tolerance
RAS400,Assembly,有零件,編碼器,Part
編碼器-S-1,FeatureFace,有特徵面,編碼器,Part
編碼器-H-1,FeatureFace,有特徵面,編碼器,Part
編碼器-S-2,FeatureFace,有特徵面,編碼器,Part
編碼器-S-3,FeatureFace,有特徵面,編碼器,Part
編碼器-P-1,FeatureFace,有特徵面,編碼器,Part
編碼器-P-3,FeatureFace,有特徵面,編碼器,Part
編碼器-P-2,FeatureFace,有特徵面,編碼器,Part
編碼器-P-4,FeatureFace,有特徵面,編碼器,Part
錐面,OntologyClass,rdfs__subClassOf,特徵面,OntologyClass
工作臺-H-3,FeatureFace,有特徵面,工作臺,Part
工作臺-P-2,FeatureFace,有特徵面,工作臺,Part
工作臺-C-1,FeatureFace,有特徵面,工作臺,Part
工作臺-C-2,FeatureFace,有特徵面,工作臺,Part
軸承座-H-5,FeatureFace,有特徵面,軸承座,Part
軸承座-H-6,FeatureFace,有特徵面,軸承座,Part
軸承座-P-7,FeatureFace,有特徵面,軸承座,Part
軸承座-P-8,FeatureFace,有特徵面,軸承座,Part
軸承座-C-1,FeatureFace,有特徵面,軸承座,Part
軸承座-C-2,FeatureFace,有特徵面,軸承座,Part
軸承-H-3,FeatureFace,有特徵面,軸承,Part
軸承-H-4,FeatureFace,有特徵面,軸承,Part
軸承-S-3,FeatureFace,有特徵面,軸承,Part
軸承-P-3,FeatureFace,有特徵面,軸承,Part
軸承-P-4,FeatureFace,有特徵面,軸承,Part
軸承-P-5,FeatureFace,有特徵面,軸承,Part
軸承-C-1,FeatureFace,有特徵面,軸承,Part
軸承-C-2,FeatureFace,有特徵面,軸承,Part
轉動軸-H-2,FeatureFace,有特徵面,轉動軸,Part
轉動軸-S-4,FeatureFace,有特徵面,轉動軸,Part
轉動軸-P-5,FeatureFace,有特徵面,轉動軸,Part
轉動軸-P-6,FeatureFace,有特徵面,轉動軸,Part
轉動軸-C-1,FeatureFace,有特徵面,轉動軸,Part
轉動軸-C-2,FeatureFace,有特徵面,轉動軸,Part
轉動軸-C-3,FeatureFace,有特徵面,轉動軸,Part
轉動軸-C-4,FeatureFace,有特徵面,轉動軸,Part
轉動軸-C-5,FeatureFace,有特徵面,轉動軸,Part
工作臺心軸-H-1,FeatureFace,有特徵面,工作臺心軸,Part
工作臺心軸-S-5,FeatureFace,有特徵面,工作臺心軸,Part
工作臺心軸-S-6,FeatureFace,有特徵面,工作臺心軸,Part
工作臺心軸-S-7,FeatureFace,有特徵面,工作臺心軸,Part
工作臺心軸-P-5,FeatureFace,有特徵面,工作臺心軸,Part
工作臺心軸-P-6,FeatureFace,有特徵面,工作臺心軸,Part
工作臺心軸-P-7,FeatureFace,有特徵面,工作臺心軸,Part
工作臺心軸-P-8,FeatureFace,有特徵面,工作臺心軸,Part
工作臺心軸-C-1,FeatureFace,有特徵面,工作臺心軸,Part
工作臺心軸-C-2,FeatureFace,有特徵面,工作臺心軸,Part
工作臺心軸-C-3,FeatureFace,有特徵面,工作臺心軸,Part
馬達-H-3,FeatureFace,有特徵面,馬達,Part
馬達-H-4,FeatureFace,有特徵面,馬達,Part
馬達-S-2,FeatureFace,有特徵面,馬達,Part
馬達-P-5,FeatureFace,有特徵面,馬達,Part
馬達-P-6,FeatureFace,有特徵面,馬達,Part
馬達-C-1,FeatureFace,有特徵面,馬達,Part
馬達-C-2,FeatureFace,有特徵面,馬達,Part
馬達水套-H-2,FeatureFace,有特徵面,馬達水套,Part
馬達水套-S-3,FeatureFace,有特徵面,馬達水套,Part
馬達水套-P-4,FeatureFace,有特徵面,馬達水套,Part
馬達水套-P-5,FeatureFace,有特徵面,馬達水套,Part
編碼器心軸-S-5,FeatureFace,有特徵面,編碼器心軸,Part
編碼器心軸-S-6,FeatureFace,有特徵面,編碼器心軸,Part
編碼器心軸-P-6,FeatureFace,有特徵面,編碼器心軸,Part
編碼器心軸-P-7,FeatureFace,有特徵面,編碼器心軸,Part
編碼器心軸-P-8,FeatureFace,有特徵面,編碼器心軸,Part
分流座-H-3,FeatureFace,有特徵面,分流座,Part
分流座-H-4,FeatureFace,有特徵面,分流座,Part
分流座-H-5,FeatureFace,有特徵面,分流座,Part
分流座-H-6,FeatureFace,有特徵面,分流座,Part
分流座-H-7,FeatureFace,有特徵面,分流座,Part
分流座-S-4,FeatureFace,有特徵面,分流座,Part
分流座-S-5,FeatureFace,有特徵面,分流座,Part
分流座-P-6,FeatureFace,有特徵面,分流座,Part
分流座-P-7,FeatureFace,有特徵面,分流座,Part
分流座-C-1,FeatureFace,有特徵面,分流座,Part
分流座-C-2,FeatureFace,有特徵面,分流座,Part
分流座-C-3,FeatureFace,有特徵面,分流座,Part
分流座-C-4,FeatureFace,有特徵面,分流座,Part
馬達座-H-3,FeatureFace,有特徵面,馬達座,Part
馬達座-H-4,FeatureFace,有特徵面,馬達座,Part
馬達座-P-6,FeatureFace,有特徵面,馬達座,Part
馬達座-P-7,FeatureFace,有特徵面,馬達座,Part
馬達座-P-8,FeatureFace,有特徵面,馬達座,Part
編碼器-H-2,FeatureFace,有特徵面,編碼器,Part
編碼器-S-4,FeatureFace,有特徵面,編碼器,Part
編碼器-P-5,FeatureFace,有特徵面,編碼器,Part
編碼器-P-6,FeatureFace,有特徵面,編碼器,Part
分流座-H-3,FeatureFace,有組裝接觸,編碼器-P-5,FeatureFace
分流座-H-4,FeatureFace,有組裝接觸,編碼器-P-6,FeatureFace
分流座-H-5,FeatureFace,有組裝接觸,編碼器-P-6,FeatureFace
分流座-H-6,FeatureFace,有組裝接觸,編碼器-P-6,FeatureFace
分流座-H-7,FeatureFace,有組裝接觸,編碼器-P-6,FeatureFace
馬達座-H-3,FeatureFace,有組裝接觸,分流座-C-1,FeatureFace
馬達座-H-3,FeatureFace,有組裝接觸,分流座-C-2,FeatureFace
馬達座-H-3,FeatureFace,有組裝接觸,分流座-C-3,FeatureFace
工作臺心軸-S-5,FeatureFace,有組裝接觸,轉動軸-C-1,FeatureFace
工作臺心軸-S-5,FeatureFace,有組裝接觸,轉動軸-C-2,FeatureFace
工作臺心軸-C-1,FeatureFace,有組裝接觸,轉動軸-C-3,FeatureFace
工作臺-H-3,FeatureFace,有組裝接觸,工作臺心軸-C-2,FeatureFace
工作臺-C-1,FeatureFace,有組裝接觸,工作臺心軸-S-6,FeatureFace
馬達-C-1,FeatureFace,有組裝接觸,馬達水套-H-2,FeatureFace
馬達-C-2,FeatureFace,有組裝接觸,馬達水套-H-2,FeatureFace
馬達座-H-3,FeatureFace,有組裝接觸,分流座-S-4,FeatureFace
馬達座-H-3,FeatureFace,有組裝接觸,分流座-S-5,FeatureFace
工作臺心軸-P-5,FeatureFace,有組裝接觸,轉動軸-C-3,FeatureFace
工作臺心軸-P-5,FeatureFace,有組裝接觸,轉動軸-C-1,FeatureFace
工作臺心軸-H-1,FeatureFace,有組裝接觸,編碼器心軸-P-6,FeatureFace
工作臺心軸-H-1,FeatureFace,有組裝接觸,編碼器心軸-P-7,FeatureFace
軸承-C-1,FeatureFace,有組裝接觸,工作臺心軸-S-7,FeatureFace
軸承-C-2,FeatureFace,有組裝接觸,工作臺心軸-S-7,FeatureFace
軸承-P-3,FeatureFace,有組裝接觸,軸承座-H-5,FeatureFace
軸承-P-4,FeatureFace,有組裝接觸,軸承座-H-5,FeatureFace
工作臺-P-2,FeatureFace,有組裝接觸,工作臺心軸-P-6,FeatureFace
工作臺-P-2,FeatureFace,有組裝接觸,工作臺心軸-C-2,FeatureFace
工作臺-H-3,FeatureFace,有組裝接觸,工作臺心軸-S-6,FeatureFace
工作臺-C-2,FeatureFace,有組裝接觸,工作臺心軸-P-6,FeatureFace
馬達水套-H-2,FeatureFace,有組裝接觸,馬達座-P-6,FeatureFace
馬達水套-P-4,FeatureFace,有組裝接觸,馬達座-P-6,FeatureFace
馬達水套-H-2,FeatureFace,有組裝接觸,軸承座-P-7,FeatureFace
馬達水套-P-5,FeatureFace,有組裝接觸,軸承座-H-6,FeatureFace
馬達水套-P-5,FeatureFace,有組裝接觸,軸承座-P-7,FeatureFace
馬達水套-S-3,FeatureFace,有組裝接觸,軸承座-H-6,FeatureFace
馬達水套-S-3,FeatureFace,有組裝接觸,軸承座-C-1,FeatureFace
馬達-S-2,FeatureFace,有組裝接觸,馬達水套-H-2,FeatureFace
馬達座-H-4,FeatureFace,有組裝接觸,分流座-P-6,FeatureFace
馬達座-P-7,FeatureFace,有組裝接觸,分流座-P-6,FeatureFace
馬達座-P-7,FeatureFace,有組裝接觸,分流座-C-1,FeatureFace
馬達-C-1,FeatureFace,有組裝接觸,馬達座-P-8,FeatureFace
馬達-P-5,FeatureFace,有組裝接觸,馬達座-P-8,FeatureFace
馬達-H-3,FeatureFace,有組裝接觸,馬達座-P-8,FeatureFace
分流座-H-3,FeatureFace,有組裝接觸,編碼器-S-4,FeatureFace
分流座-P-7,FeatureFace,有組裝接觸,編碼器-P-6,FeatureFace
分流座-C-4,FeatureFace,有組裝接觸,編碼器-P-6,FeatureFace
分流座-C-4,FeatureFace,有組裝接觸,編碼器-S-4,FeatureFace
工作臺心軸-P-5,FeatureFace,有組裝接觸,轉動軸-P-5,FeatureFace
工作臺心軸-S-5,FeatureFace,有組裝接觸,轉動軸-H-2,FeatureFace
工作臺心軸-C-1,FeatureFace,有組裝接觸,轉動軸-P-5,FeatureFace
工作臺心軸-P-7,FeatureFace,有組裝接觸,編碼器心軸-P-7,FeatureFace
工作臺心軸-H-1,FeatureFace,有組裝接觸,編碼器心軸-S-5,FeatureFace
軸承-H-3,FeatureFace,有組裝接觸,工作臺心軸-S-7,FeatureFace
軸承-P-5,FeatureFace,有組裝接觸,工作臺心軸-P-8,FeatureFace
軸承-H-4,FeatureFace,有組裝接觸,工作臺心軸-P-8,FeatureFace
軸承-P-5,FeatureFace,有組裝接觸,工作臺心軸-C-3,FeatureFace
軸承-S-3,FeatureFace,有組裝接觸,軸承座-H-5,FeatureFace
軸承-P-3,FeatureFace,有組裝接觸,軸承座-P-8,FeatureFace
軸承-P-3,FeatureFace,有組裝接觸,軸承座-C-2,FeatureFace
編碼器-H-2,FeatureFace,有組裝接觸,編碼器心軸-P-8,FeatureFace
編碼器-H-2,FeatureFace,有組裝接觸,編碼器心軸-S-6,FeatureFace
編碼器-P-5,FeatureFace,有組裝接觸,編碼器心軸-P-8,FeatureFace
馬達-H-4,FeatureFace,有組裝接觸,轉動軸-P-6,FeatureFace
馬達-P-6,FeatureFace,有組裝接觸,轉動軸-P-6,FeatureFace
馬達-P-6,FeatureFace,有組裝接觸,轉動軸-C-4,FeatureFace
馬達-H-4,FeatureFace,有組裝接觸,轉動軸-S-4,FeatureFace
馬達-H-4,FeatureFace,有組裝接觸,轉動軸-C-5,FeatureFace
